[
    {
        "id":1,
        "name":"Scissors",
        "des":"use this to cut stuff",
        "price":"4.99"
    },
    {
        "id":2,
        "name":"Steak Knifes",
        "des":"use this to eat food",
        "price":"10.99"
    },
    {
        "id":3,
        "name":"Skewers",
        "des":"use this to roast food",
        "price":"23.45"
    },
    {
        "id":4,
        "name":"Baking Tray",
        "des":"use this to bake food",
        "price":"33.45"
    },
    {
        "id":5,
        "name":"Data",
        "des":"use to store data",
        "price":"53.45"
    },
    {
        "id":6,
        "name":"knife",
        "des":"use this to cut stuff",
        "price":"10.00"
    },
    
        {
            "id":7,
            "name":"Charger",
            "description":"Use this to charge your phone",
            "price":250
        },
        {
            "id":8,
            "name":"Wrist Watch",
            "description":"Use this to see the time",
            "price":8000
        },
        {
            "id":9,
            "name":"Dustbin",
            "description":"Use this to throw the trash",
            "price":250
        },
        {
            "id":10,
            "name":"Chair",
            "description":"Use this to sit and take rest",
            "price":550
        },
        {
            "id":11,
            "name":"Table",
            "description":"Use this to keep things on it",
            "price":1500
        },
        {
            "id":12,
            "name":"Ear Phones",
            "description":"Use this to listen to music",
            "price":999
        },
        {
            "id":13,
            "name":"Keyboard",
            "description":"Use this to enter the data into the system",
            "price":789
        },
        {
            "id":14,
            "name":"Comb",
            "description":"Use this to comb your hair and look smart",
            "price":100
        },
        {
            "id":15,
            "name":"Soap",
            "description":"Use this to get everlasting freshness",
            "price":300
        },
        {
            "id":16,
            "name":"Spectacles",
            "description":"Use this to see the world clearly",
            "price":890
        },
        {
            "id":17,
            "name":"Almirah",
            "description":"Use this to keep your clothes safely and tidy",
            "price":1500
        },
        {
            "id":18,
            "name":"Bag",
            "description":"Use this to keep your luggage and things",
            "price":700
        },
        {
            "id":19,
            "name":"Tooth Brush",
            "description":"Use this to brush your teeth",
            "price":550
        },
        {
            "id":20,
            "name":"Switch",
            "description":"Use this to charge any device that you wish to charge",
            "price":120
        },
        {
            "id":21,
            "name":"Car",
            "description":"Use this to travel from one place to another comfortably",
            "price":500000
        },
        {
            "id":22,
            "name":"Chalk",
            "description":"Use this to write on the blackboard",
            "price":550
        },
        {
            "id":23,
            "name":"Plants and trees",
            "description":"plant them to keep the environment neat and clean",
            "price":50
        },
        {
            "id":24,
            "name":"Perfume",
            "description":"Use this to smell good and keep fresh",
            "price":800
        },
        {
            "id":25,
            "name":"Balanced diet",
            "description":"Consume this to keep yourself fit and healthy",
            "price":250
        }
    
]